{
  "overall_metrics": {
    "recall_at_k": {
      "1": 0.33533846647417387,
      "3": 0.4168270773179339,
      "5": 0.7121029836381135,
      "10": 0.8189200717473094,
      "20": 0.8683101467028319
    },
    "precision_at_k": {
      "1": 0.34095283926852743,
      "3": 0.1423644529996792,
      "5": 0.14562078922040425,
      "10": 0.08428777670837344,
      "20": 0.044802694898941293
    },
    "ndcg_at_k": {
      "1": 0.34095283926852743,
      "3": 0.3856779610833506,
      "5": 0.5010209299157958,
      "10": 0.5369848813767274,
      "20": 0.5497883704525841
    },
    "hit_rate_at_k": {
      "1": 0.34095283926852743,
      "3": 0.4215591915303176,
      "5": 0.7189605389797883,
      "10": 0.8241097208854667,
      "20": 0.87223291626564
    },
    "mrr": 0.4563871833882349,
    "map": 0.45339768414708836
  },
  "metadata": {
    "reranking": {
      "model": "BAAI/bge-reranker-large",
      "cutoff": 100
    }
  }
}