{
  "overall_metrics": {
    "recall_at_k": {
      "1": 0.6264236445299968,
      "3": 0.7590249219820924,
      "5": 0.8011126666083356,
      "10": 0.8451089334149969,
      "20": 0.8717206958905708
    },
    "precision_at_k": {
      "1": 0.6357074109720885,
      "3": 0.2587423804940648,
      "5": 0.1645813282001925,
      "10": 0.08715110683349375,
      "20": 0.0450553416746872
    },
    "ndcg_at_k": {
      "1": 0.6357074109720885,
      "3": 0.7085722674400016,
      "5": 0.7261989030706598,
      "10": 0.7408959562486944,
      "20": 0.7477892820700205
    },
    "hit_rate_at_k": {
      "1": 0.6357074109720885,
      "3": 0.7673243503368624,
      "5": 0.8077478344562079,
      "10": 0.8498556304138595,
      "20": 0.8760827718960539
    },
    "mrr": 0.7123845992221883,
    "map": 0.7073437684157209
  },
  "metadata": {
    "name": "hybrid_dense_sparse",
    "approach": "Hybrid (Dense + Sparse)",
    "model": "bge-small + BM25",
    "metric_type": "retrieval"
  }
}