{
  "overall_metrics": {
    "recall_at_k": {
      "1": 0.38432386910490857,
      "3": 0.5086421238370229,
      "5": 0.5579483477702919,
      "10": 0.611746069939044,
      "20": 0.6579643888354186
    },
    "precision_at_k": {
      "1": 0.38859480269489893,
      "3": 0.17268206608918832,
      "5": 0.11381135707410973,
      "10": 0.06251203079884504,
      "20": 0.033698267564966314
    },
    "ndcg_at_k": {
      "1": 0.38859480269489893,
      "3": 0.45866861198117537,
      "5": 0.4790697062914722,
      "10": 0.496747815209791,
      "20": 0.5085108419276957
    },
    "hit_rate_at_k": {
      "1": 0.38859480269489893,
      "3": 0.5139557266602502,
      "5": 0.5637632338787295,
      "10": 0.6169393647738209,
      "20": 0.6641000962463908
    },
    "mrr": 0.46578288008616825,
    "map": 0.46205883448884816
  },
  "metadata": {
    "name": "sparse",
    "approach": "Sparse",
    "model": "BM25",
    "metric_type": "retrieval"
  }
}