{
  "overall_metrics": {
    "recall_at_k": {
      "1": 0.009508219954648525,
      "3": 0.01858560090702948,
      "5": 0.028857709750566896,
      "10": 0.04623299319727891,
      "20": 0.06447704081632652
    },
    "precision_at_k": {
      "1": 0.03571428571428571,
      "3": 0.021428571428571432,
      "5": 0.02,
      "10": 0.01535714285714286,
      "20": 0.012678571428571428
    },
    "ndcg_at_k": {
      "1": 0.03571428571428571,
      "3": 0.025224821830361364,
      "5": 0.02829059172208003,
      "10": 0.03448414748753632,
      "20": 0.04252304992823276
    },
    "hit_rate_at_k": {
      "1": 0.03571428571428571,
      "3": 0.05357142857142857,
      "5": 0.06785714285714285,
      "10": 0.09642857142857143,
      "20": 0.11428571428571428
    },
    "mrr": 0.04994137128535624,
    "map": 0.025220113594109247
  },
  "metadata": {
    "name": "",
    "approach": "Query Rewriter+ filtering + Hybrid Retriever",
    "model": "Qwen3-bge-small + BM25",
    "metric_type": "retrieval"
  }
}