{
  "overall_metrics": {
    "recall_at_k": {
      "1": 0.05796170255220675,
      "3": 0.10828912336090403,
      "5": 0.14064833424428685,
      "10": 0.17847430779412102,
      "20": 0.2172873308478255
    },
    "precision_at_k": {
      "1": 0.20107238605898123,
      "3": 0.14030384271671134,
      "5": 0.11206434316353886,
      "10": 0.07506702412868632,
      "20": 0.04758713136729222
    },
    "ndcg_at_k": {
      "1": 0.20107238605898123,
      "3": 0.16824967908416033,
      "5": 0.1644570932892554,
      "10": 0.16976888690638403,
      "20": 0.18358888546536808
    },
    "hit_rate_at_k": {
      "1": 0.20107238605898123,
      "3": 0.3351206434316354,
      "5": 0.40214477211796246,
      "10": 0.46380697050938335,
      "20": 0.5335120643431636
    },
    "mrr": 0.28624752589105296,
    "map": 0.11415416257688976
  },
  "metadata": {
    "name": "sparse",
    "approach": "Sparse",
    "model": "BM25",
    "metric_type": "retrieval"
  }
}