{
  "overall_metrics": {
    "recall_at_k": {
      "1": 0.6240174847609881,
      "3": 0.7570398401726602,
      "5": 0.7975034269548226,
      "10": 0.844868317438096,
      "20": 0.872081619855922
    },
    "precision_at_k": {
      "1": 0.6328200192492781,
      "3": 0.25794032723772853,
      "5": 0.16376323387872954,
      "10": 0.0870548604427334,
      "20": 0.04504331087584216
    },
    "ndcg_at_k": {
      "1": 0.6328200192492781,
      "3": 0.7056848062716431,
      "5": 0.7226248096079043,
      "10": 0.7384046613288364,
      "20": 0.7454915385702313
    },
    "hit_rate_at_k": {
      "1": 0.6328200192492781,
      "3": 0.7641963426371511,
      "5": 0.8034167468719923,
      "10": 0.848893166506256,
      "20": 0.875842155919153
    },
    "mrr": 0.7094469277474582,
    "map": 0.705050475723462
  },
  "metadata": {
    "approach": "hybrid (dense + sparse)",
    "model": "BAAI/bge-m3 + BM25",
    "dense_weight": 0.7,
    "sparse_weight": 0.3,
    "metric_type": "ip"
  }
}