{
  "overall_metrics": {
    "recall_at_k": {
      "1": 0.6024823548283605,
      "3": 0.7385725639455187,
      "5": 0.7812837226937324,
      "10": 0.8338200338320647,
      "20": 0.872081619855922
    },
    "precision_at_k": {
      "1": 0.6111645813282002,
      "3": 0.2516843118383061,
      "5": 0.16034648700673726,
      "10": 0.08594802694898943,
      "20": 0.04504331087584216
    },
    "ndcg_at_k": {
      "1": 0.6111645813282002,
      "3": 0.685790620136296,
      "5": 0.7036197613967384,
      "10": 0.7209238634023867,
      "20": 0.7307444038852814
    },
    "hit_rate_at_k": {
      "1": 0.6111645813282002,
      "3": 0.7459095283926853,
      "5": 0.7877767083734359,
      "10": 0.838065447545717,
      "20": 0.875842155919153
    },
    "mrr": 0.6908775853629633,
    "map": 0.6862347899702924
  },
  "metadata": {
    "approach": "regular (dense-only)",
    "model": "BAAI/bge-m3",
    "metric_type": "ip"
  }
}