{
  "overall_metrics": {
    "recall_at_k": {
      "1": 0.6022417388514597,
      "3": 0.7379710240032666,
      "5": 0.7804415667745793,
      "10": 0.8332184938898125,
      "20": 0.8717206958905708
    },
    "precision_at_k": {
      "1": 0.6111645813282002,
      "3": 0.2516843118383061,
      "5": 0.1602983638113571,
      "10": 0.08594802694898943,
      "20": 0.0450553416746872
    },
    "ndcg_at_k": {
      "1": 0.6111645813282002,
      "3": 0.685759116345735,
      "5": 0.7035057193346674,
      "10": 0.7209242061082992,
      "20": 0.7308005453778443
    },
    "hit_rate_at_k": {
      "1": 0.6111645813282002,
      "3": 0.7459095283926853,
      "5": 0.7875360923965351,
      "10": 0.838065447545717,
      "20": 0.8760827718960539
    },
    "mrr": 0.6908827189531335,
    "map": 0.685818845600886
  },
  "metadata": {
    "name": "baseline_dense",
    "approach": "Dense-Only (Baseline) with IP Metric",
    "model": "BAAI/bge-m3",
    "metric_type": "retrieval"
  }
}