{
  "overall_metrics": {
    "recall_at_k": {
      "1": 0.32360843760025665,
      "3": 0.48247513634905353,
      "5": 0.5594722489573308,
      "10": 0.6751101000379153,
      "20": 0.7928715693994809
    },
    "precision_at_k": {
      "1": 0.3274783445620789,
      "3": 0.16329804299005454,
      "5": 0.11395572666025025,
      "10": 0.06898460057747834,
      "20": 0.04066410009624639
    },
    "ndcg_at_k": {
      "1": 0.3274783445620789,
      "3": 0.4169296827662359,
      "5": 0.44871143397969876,
      "10": 0.4865105675955641,
      "20": 0.516758239864977
    },
    "hit_rate_at_k": {
      "1": 0.3274783445620789,
      "3": 0.48748796920115495,
      "5": 0.564725697786333,
      "10": 0.6804619826756496,
      "20": 0.798604427333975
    },
    "mrr": 0.43841999441644436,
    "map": 0.4352445963873463
  },
  "metadata": {
    "approach": "regular",
    "reranking": {
      "model": "BAAI/bge-reranker-large",
      "cutoff": 100
    }
  }
}